Workbook

Sheet Petunjuk
B2: SKENARIO PENGUJIAN SI-ANGGUN
B3: Darma Wanita Persatuan Kantor GTK Provinsi Maluku Utara
B5: Alamat aplikasi | C5: https://dwpkgtkmalut.vercel.app
B6: Sandi semua akun uji | C6: Dwpkgtkmalut2026!
B8: CARA PAKAI FILE INI
B9: 1 | C9: Buka sheet bernama sesuai bagian yang mau diuji (A, B, C, ...).
B10: 2 | C10: Jalankan langkahnya berurutan dari atas ke bawah.
B11: 3 | C11: Bila sesuai, pilih 'Sesuai' pada kolom HASIL.
B12: 4 | C12: Bila tidak sesuai, pilih 'Tidak Sesuai', lalu tulis apa yang terjadi di kolom CATATAN.
B13: 5 | C13: Sheet 'Ringkasan' akan menghitung sendiri berapa yang sudah diuji.
B15: KALAU MENEMUKAN KEANEHAN, TULIS TIGA HAL INI
B16: 1 | C16: Di halaman mana
B17: 2 | C17: Masuk sebagai akun siapa
B18: 3 | C18: Tombol atau kolom apa yang diklik
B20: SARAN
B21: Gunakan jendela privat (incognito) | C21: Tutup jendela setiap ganti akun agar sesi tidak tercampur.
B22: Bagian J paling penting | C22: Menguji dua orang bertindak bersamaan — cacat jenis ini tidak muncul bila hanya satu orang menguji.

Sheet Ringkasan
A1: RINGKASAN HASIL PENGUJIAN
A3: BAGIAN | B3: JUMLAH LANGKAH | C3: SUDAH DIUJI | D3: BELUM / TIDAK SESUAI
A4: A. WEB PUBLIK | B4: 9 | C4: =COUNTIF('A. WEB PUBLIK'!D3:D11,"Sesuai") | D4: =B4-C4
A5: B. MEMBUAT & MENGAJUKAN KEGIATAN | B5: 9 | C5: =COUNTIF('B. MEMBUAT & MENGAJUKAN KEG'!D3:D11,"Sesuai") | D5: =B5-C5
A6: C. PERBAIKAN DATA + RAB | B6: 8 | C6: =COUNTIF('C. PERBAIKAN DATA + RAB'!D3:D10,"Sesuai") | D6: =B6-C6
A7: D. PERSETUJUAN BERJENJANG | B7: 9 | C7: =COUNTIF('D. PERSETUJUAN BERJENJANG'!D3:D11,"Sesuai") | D7: =B7-C7
A8: E. DATA TERKUNCI SETELAH DISETUJUI | B8: 3 | C8: =COUNTIF('E. DATA TERKUNCI SETELAH DI'!D3:D5,"Sesuai") | D8: =B8-C8
A9: F. REVISI & TOLAK | B9: 15 | C9: =COUNTIF('F. REVISI & TOLAK'!D3:D17,"Sesuai") | D9: =B9-C9
A10: G. PELAKSANAAN | B10: 8 | C10: =COUNTIF('G. PELAKSANAAN'!D3:D10,"Sesuai") | D10: =B10-C10
A11: H. PELAPORAN | B11: 11 | C11: =COUNTIF('H. PELAPORAN'!D3:D13,"Sesuai") | D11: =B11-C11
A12: I. AJUKAN PERUBAHAN | B12: 6 | C12: =COUNTIF('I. AJUKAN PERUBAHAN'!D3:D8,"Sesuai") | D12: =B12-C12
A13: J. KONDISI BEREBUT | B13: 4 | C13: =COUNTIF('J. KONDISI BEREBUT'!D3:D6,"Sesuai") | D13: =B13-C13
A14: K. HAK AKSES PER PERAN | B14: 7 | C14: =COUNTIF('K. HAK AKSES PER PERAN'!D3:D9,"Sesuai") | D14: =B14-C14
A15: L. PESAN KONTAK | B15: 3 | C15: =COUNTIF('L. PESAN KONTAK'!D3:D5,"Sesuai") | D15: =B15-C15
A16: M. PROFIL & SANDI | B16: 4 | C16: =COUNTIF('M. PROFIL & SANDI'!D3:D6,"Sesuai") | D16: =B16-C16
A17: JUMLAH SELURUHNYA | B17: =SUM(B4:B16) | C17: =SUM(C4:C16) | D17: =SUM(D4:D16)

Sheet Daftar Akun
A1: NO | B1: AKUN (email) | C1: PERAN | D1: KEGUNAAN | E1: BISA MASUK?
A2: 1 | B2: yayuk@dwpkgtkmalut.com | C2: Ketua Bidang Ekonomi | D2: Pengusul kegiatan | E2: Ya
A3: 2 | B3: jusna@dwpkgtkmalut.com | C3: Ketua Bidang | D3: Ketua Bidang bidang lain (penyaring) | E3: Ya
A4: 3 | B4: fadila@dwpkgtkmalut.com | C4: Sekretaris | D4: Penyetuju tahap 1 | E4: Ya
A5: 4 | B5: jumaini@dwpkgtkmalut.com | C5: Bendahara | D5: Penyetuju tahap 2 | E5: Ya
A6: 5 | B6: wahyuni@dwpkgtkmalut.com | C6: Wakil Ketua | D6: Penyetuju tahap 3 | E6: Ya
A7: 6 | B7: washliyatul@dwpkgtkmalut.com | C7: Ketua | D7: Penyetuju tahap 4 | E7: Ya
A8: 7 | B8: aida@dwpkgtkmalut.com | C8: Anggota | D8: Anggota biasa | E8: Ya
A9: 8 | B9: rachmat.karim@kemendikdasmen.go.id | C9: Super Admin | D9: Akses penuh | E9: Ya

Sheet A. WEB PUBLIK
A1: BAGIAN A — WEB PUBLIK (tanpa masuk)
A2: NO | B2: LANGKAH | C2: YANG SEHARUSNYA TERJADI | D2: HASIL | E2: CATATAN BILA TIDAK SESUAI | F2: SIAPA YANG MENGUJI
A3: 1 | B3: Buka halaman depan | C3: Nama lengkap DWP tampil, foto besar, menu 5
A4: 2 | B4: Buka halaman Profil | C4: Sambutan & susunan pengurus tampil, tidak ada NIP
A5: 3 | B5: Buka halaman Agenda | C5: Ada bagian kegiatan mendatang DAN yang sudah lewat
A6: 4 | B6: Buka halaman Berita | C6: Daftar berita atau keterangan kosong yang jelas
A7: 5 | B7: Buka halaman Galeri | C7: Album foto atau keterangan kosong yang jelas
A8: 6 | B8: Buka halaman Unduhan | C8: Keterangan 'belum ada dokumen' (bukan halaman kosong)
A9: 7 | B9: Buka halaman Kontak | C9: Alamat, telepon, surel, peta, formulir pesan tampil
A10: 8 | B10: Cari teks 'Rp' di semua halaman | C10: TIDAK ADA anggaran yang tampil di publik
A11: 9 | B11: Buka aplikasi di HP | C11: Menu bisa dibuka, tidak ada yang terpotong/geser

Sheet B. MEMBUAT & MENGAJUKAN KEG
A1: BAGIAN B — MEMBUAT & MENGAJUKAN KEGIATAN (masuk sebagai yayuk)
A2: NO | B2: LANGKAH | C2: YANG SEHARUSNYA TERJADI | D2: HASIL | E2: CATATAN BILA TIDAK SESUAI | F2: SIAPA YANG MENGUJI
A3: 1 | B3: Menu Kegiatan -> + Kegiatan Baru | C3: Muncul form 3 langkah: Data, Anggaran, Tinjau & kirim
A4: 2 | B4: Isi nama, tujuan, sasaran 30 orang | C4: Semua kolom bisa diisi
A5: 3 | B5: Perhatikan kolom Bidang | C5: TERKUNCI 'Bidang Ekonomi', tidak bisa dipilih
A6: 4 | B6: Perhatikan Penanggung jawab | C6: Hanya diri sendiri + anggota Bidang Ekonomi
A7: 5 | B7: Isi tanggal mulai dan tanggal selesai | C7: Dua kolom tanggal terpisah
A8: 6 | B8: Langkah Anggaran: Konsumsi Snack / box / Banyaknya 30 / Harga 25000 | C8: Subtotal Rp 750.000
A9: 7 | B9: Langkah 3: tekan Ajukan | C9: Kegiatan tersimpan, status Diajukan
A10: 8 | B10: Buka ringkasan kegiatan | C10: Tanggal mulai & selesai benar, tidak terbalik
A11: 9 | B11: Masuk fadila -> lihat lonceng | C11: Ada 'Menunggu persetujuan Anda'

Sheet C. PERBAIKAN DATA + RAB
A1: BAGIAN C — PERBAIKAN DATA + RAB (masuk sebagai yayuk, kegiatan draf/revisi)
A2: NO | B2: LANGKAH | C2: YANG SEHARUSNYA TERJADI | D2: HASIL | E2: CATATAN BILA TIDAK SESUAI | F2: SIAPA YANG MENGUJI
A3: 1 | B3: Tekan Perbaiki Data Kegiatan | C3: Terbuka FORM KEGIATAN yang sama, bukan form lain
A4: 2 | B4: Periksa langkah 1 | C4: Semua data lama sudah terisi otomatis
A5: 3 | B5: Lanjut ke langkah Anggaran | C5: RAB lama TERMUAT dengan angka yang benar
A6: 4 | B6: Ubah Banyaknya 30 menjadi 50 | C6: Subtotal berubah otomatis
A7: 5 | B7: Tekan Simpan Perubahan | C7: Kembali ke halaman kegiatan, angka baru tersimpan
A8: 6 | B8: Kosongkan tanggal selesai lalu simpan | C8: DITOLAK: tanggal wajib diisi
A9: 7 | B9: Isi tanggal selesai lebih awal dari mulai | C9: Tombol simpan MATI + ada keterangan
A10: 8 | B10: Cek teks bantuan tanggal selesai | C10: Tertulis 'Isi tanggal yang sama bila satu hari'

Sheet D. PERSETUJUAN BERJENJANG
A1: BAGIAN D — PERSETUJUAN BERJENJANG
A2: NO | B2: LANGKAH | C2: YANG SEHARUSNYA TERJADI | D2: HASIL | E2: CATATAN BILA TIDAK SESUAI | F2: SIAPA YANG MENGUJI
A3: 1 | B3: fadila: buka kegiatan | C3: Ada tombol Setujui / Minta Revisi / Tolak
A4: 2 | B4: fadila: Setujui -> Kirim Persetujuan | C4: Linimasa jadi Disetujui, pindah ke Bendahara
A5: 3 | B5: jumaini: cek lonceng | C5: Ada notifikasi 'Menunggu persetujuan Anda'
A6: 4 | B6: jumaini: Setujui | C6: Pindah ke Wakil Ketua
A7: 5 | B7: wahyuni: Setujui | C7: Pindah ke Ketua
A8: 6 | B8: washliyatul: Setujui | C8: Status kegiatan DISETUJUI
A9: 7 | B9: yayuk: cek lonceng | C9: Ada 'Kegiatan disetujui'
A10: 8 | B10: aida (Anggota): buka kegiatan itu | C10: TIDAK ADA tombol apa pun
A11: 9 | B11: jusna (Ketua Bidang lain): buka kegiatan itu | C11: TIDAK ADA tombol apa pun

Sheet E. DATA TERKUNCI SETELAH DI
A1: BAGIAN E — DATA TERKUNCI SETELAH DISETUJUI (masuk sebagai yayuk)
A2: NO | B2: LANGKAH | C2: YANG SEHARUSNYA TERJADI | D2: HASIL | E2: CATATAN BILA TIDAK SESUAI | F2: SIAPA YANG MENGUJI
A3: 1 | B3: Cari tombol Perbaiki Data Kegiatan | C3: TIDAK ADA
A4: 2 | B4: Cari tombol Ajukan / Hapus | C4: TIDAK ADA
A5: 3 | B5: Lihat tombol yang tersisa | C5: Hanya 'Mulai Kegiatan'

Sheet F. REVISI & TOLAK
A1: BAGIAN F — REVISI & TOLAK
A2: NO | B2: LANGKAH | C2: YANG SEHARUSNYA TERJADI | D2: HASIL | E2: CATATAN BILA TIDAK SESUAI | F2: SIAPA YANG MENGUJI
A3: 1 | B3: Siapkan: buat kegiatan baru lalu ajukan | C3: Status Diajukan
A4: 2 | B4: fadila: tekan Minta Revisi | C4: Muncul kolom catatan
A5: 3 | B5: fadila: kosongkan catatan, coba kirim | C5: Tombol MATI + 'isi catatan dulu'
A6: 4 | B6: fadila: isi catatan lalu kirim | C6: Status REVISI
A7: 5 | B7: yayuk: buka kegiatannya | C7: Catatan revisi TERBACA jelas di linimasa
A8: 6 | B8: fadila: buka halaman yang sama | C8: TIDAK ADA tombol 'Ajukan Kegiatan'
A9: 7 | B9: yayuk: Perbaiki Data -> ubah sasaran -> simpan | C9: Boleh (status revisi)
A10: 8 | B10: yayuk: tekan Ajukan Kegiatan | C10: Status DIAJUKAN lagi
A11: 9 | B11: Cek linimasa | C11: Semua persetujuan lama HILANG, mulai dari Sekretaris
A12: 10 | B12: Siapkan: kegiatan baru lalu ajukan | C12: Status Diajukan
A13: 11 | B13: fadila: Tolak + isi alasan + kirim | C13: Status DITOLAK
A14: 12 | B14: yayuk: buka kegiatannya | C14: Alasan penolakan TERBACA
... A17: 15 | B17: yayuk: Hapus -> ketik nama persis -> hapus | C17: Kegiatan hilang dari daftar

Sheet G. PELAKSANAAN
A1: BAGIAN G — PELAKSANAAN (kegiatan yang sudah disetujui)
A2: NO | B2: LANGKAH | C2: YANG SEHARUSNYA TERJADI | D2: HASIL | E2: CATATAN BILA TIDAK SESUAI | F2: SIAPA YANG MENGUJI
A3: 1 | B3: yayuk: tekan Mulai Kegiatan | C3: Status BERJALAN
A4: 2 | B4: yayuk: tab Panitia -> + Tambah Panitia | C4: Form muncul; tombol tambah HANYA SATU
A5: 3 | B5: yayuk: pilih pengurus, peran Ketua Panitia, simpan | C5: Terdaftar, hitungan 1 panitia
A6: 4 | B6: yayuk: tab Presensi -> + Tambah Peserta | C6: Form muncul; tombol tambah HANYA SATU
A7: 5 | B7: yayuk: tambah 2 peserta status Hadir, simpan | C7: Ringkasan Hadir 2
A8: 6 | B8: yayuk: tab Dokumentasi -> pilih 3 foto | C8: Foto terunggah, ukuran mengecil
A9: 7 | B9: yayuk: matikan 'Boleh tampil di web publik' 1 foto | C9: Foto itu HILANG dari Galeri publik
A10: 8 | B10: yayuk: tekan Tandai Selesai | C10: Status SELESAI, tab Laporan muncul

Sheet H. PELAPORAN
A1: BAGIAN H — PELAPORAN
A2: NO | B2: LANGKAH | C2: YANG SEHARUSNYA TERJADI | D2: HASIL | E2: CATATAN BILA TIDAK SESUAI | F2: SIAPA YANG MENGUJI
A3: 1 | B3: yayuk: tab Laporan isi semua kolom, peserta hadir 2 | C3: Semua kolom bisa diisi
A4: 2 | B4: yayuk: tekan Simpan & Ajukan Laporan | C4: Status LAPORAN DIAJUKAN
A5: 3 | B5: Cek isi laporan setelah diajukan | C5: Isinya TERISI, bukan kosong
A6: 4 | B6: jumaini: cek lonceng | C6: Ada notifikasi menunggu persetujuan
A7: 5 | B7: jumaini: Setujui | C7: Lanjut ke Sekretaris
A8: 6 | B8: fadila: Setujui | C8: Lanjut ke Wakil Ketua
A9: 7 | B9: wahyuni: Setujui | C9: Lanjut ke Ketua
A10: 8 | B10: washliyatul: Setujui | C10: Status LAPORAN DISETUJUI
A11: 9 | B11: yayuk: tekan Unduh PDF | C11: PDF terunduh, kop surat lengkap
A12: 10 | B12: yayuk: buka PDF-nya | C12: Semua bagian terisi, tulisan SI-ANGGUN (bukan nama lama)
A13: 11 | B13: yayuk: tekan Kunci & Arsipkan | C13: Status ARSIP

Sheet I. AJUKAN PERUBAHAN
A1: BAGIAN I — AJUKAN PERUBAHAN (anggaran)
A2: NO | B2: LANGKAH | C2: YANG SEHARUSNYA TERJADI | D2: HASIL | E2: CATATAN BILA TIDAK SESUAI | F2: SIAPA YANG MENGUJI
A3: 1 | B3: yayuk: tekan + Ajukan Perubahan | C3: Form muncul: jenis, usulan, alasan
A4: 2 | B4: Pilih Rincian Anggaran, kosongkan alasan, kirim | C4: DITOLAK: wajib diisi
A5: 3 | B5: Isi usulan Konsumsi|50|25000 + alasan, kirim | C5: Pengajuan tersimpan
A6: 4 | B6: jumaini: buka kegiatan | C6: Ada tombol Setujui/Tolak untuk pengajuan itu
A7: 5 | B7: jumaini: Setujui | C7: Pengajuan DISETUJUI
A8: 6 | B8: Cek tab Anggaran | C8: Rincian BERUBAH sesuai usulan

Sheet J. KONDISI BEREBUT
A1: BAGIAN J — KONDISI BEREBUT (paling penting)
A2: NO | B2: LANGKAH | C2: YANG SEHARUSNYA TERJADI | D2: HASIL | E2: CATATAN BILA TIDAK SESUAI | F2: SIAPA YANG MENGUJI
A3: 1 | B3: Dua jendela privat, login fadila keduanya | C3: Keduanya bisa masuk
A4: 2 | B4: Buka kegiatan yang menunggu Sekretaris di keduanya | C4: Keduanya menampilkan tombol Setujui
A5: 3 | B5: Tekan setujui di keduanya hampir bersamaan | C5: Berhasil, tapi hanya SATU keputusan tercatat
A6: 4 | B6: Buka linimasa | C6: Hanya SATU baris 'Sekretaris - Disetujui'

Sheet K. HAK AKSES PER PERAN
A1: BAGIAN K — HAK AKSES PER PERAN
A2: NO | B2: LANGKAH | C2: YANG SEHARUSNYA TERJADI | D2: HASIL | E2: CATATAN BILA TIDAK SESUAI | F2: SIAPA YANG MENGUJI
A3: 1 | B3: fadila: buka Pengaturan | C3: TERTUTUP (hanya Super Admin)
A4: 2 | B4: fadila: buka Pengurus, Pesan Masuk, Kegiatan Baru | C4: Ketiganya TERBUKA
A5: 3 | B5: jumaini: buka Pengurus | C5: TERTUTUP
A6: 4 | B6: jumaini: buka Kegiatan Baru | C6: TERBUKA
A7: 5 | B7: aida (Anggota): buka Pengurus & Pengaturan | C7: Keduanya TERTUTUP
A8: 6 | B8: aida: buka Kegiatan Baru | C8: TERTUTUP
A9: 7 | B9: rachmat (Super Admin): buka semua menu | C9: Semua TERBUKA

Sheet L. PESAN KONTAK
A1: BAGIAN L — PESAN KONTAK
A2: NO | B2: LANGKAH | C2: YANG SEHARUSNYA TERJADI | D2: HASIL | E2: CATATAN BILA TIDAK SESUAI | F2: SIAPA YANG MENGUJI
A3: 1 | B3: Tanpa masuk: buka Kontak, kirim pesan | C3: Muncul 'Terima kasih'
A4: 2 | B4: fadila: menu Pesan Masuk | C4: Pesan tadi TAMPIL
A5: 3 | B5: Cek daftar menu samping | C5: Menu 'Pesan Masuk' ADA (bukan lewat Pengurus)

Sheet M. PROFIL & SANDI
A1: BAGIAN M — PROFIL & SANDI
A2: NO | B2: LANGKAH | C2: YANG SEHARUSNYA TERJADI | D2: HASIL | E2: CATATAN BILA TIDAK SESUAI | F2: SIAPA YANG MENGUJI
A3: 1 | B3: Buka Profil | C3: Nama, surel, jabatan, peran BENAR
A4: 2 | B4: Ganti kata sandi (sandi lama benar) | C4: Berhasil
A5: 3 | B5: Keluar, masuk dengan sandi baru | C5: Berhasil masuk
A6: 4 | B6: KEMBALIKAN sandi ke Dwpkgtkmalut2026! | C6: Bisa masuk lagi dengan sandi semula

Sheet Catatan Temuan
A1: CATATAN TEMUAN (isi bila ada yang tidak sesuai)
A3: NO | B3: BAGIAN / HALAMAN | C3: MASUK SEBAGAI AKUN | D3: APA YANG TERJADI | E3: APA YANG SEHARUSNYA | F3: SUDAH DIPERBAIKI?
A4: 1
A5: 2
A6: 3
A7: 4
A8: 5
A9: 6
A10: 7
A11: 8
A12: 9
A13: 10
A14: 11
A15: 12
... A33: 30
